<?xml version="1.0" encoding="UTF-8"?>
<project-private xmlns="http://www.netbeans.org/ns/project-private/1">
    <editor-bookmarks xmlns="http://www.netbeans.org/ns/editor-bookmarks/2" lastBookmarkId="0"/>
    <open-files xmlns="http://www.netbeans.org/ns/projectui-open-files/2">
        <group>
            <file>file:/C:/Users/Edgar/Desktop/Diseño%20Sys/Final/GestionVF/GestionVF2/src/interfaces/RegistroNuevosUsuarios.java</file>
            <file>file:/C:/Users/Edgar/Desktop/Diseño%20Sys/Final/GestionVF/GestionVF2/build.xml</file>
        </group>
    </open-files>
</project-private>
